month,column,null_count
2024-01,VendorID,0
2024-01,tpep_pickup_datetime,0
2024-01,tpep_dropoff_datetime,0
2024-01,passenger_count,140162
2024-01,trip_distance,0
2024-01,RatecodeID,140162
2024-01,store_and_fwd_flag,140162
2024-01,PULocationID,0
2024-01,DOLocationID,0
2024-01,payment_type,0
2024-01,fare_amount,0
2024-01,extra,0
2024-01,mta_tax,0
2024-01,tip_amount,0
2024-01,tolls_amount,0
2024-01,improvement_surcharge,0
2024-01,total_amount,0
2024-01,congestion_surcharge,140162
2024-01,Airport_fee,140162
2024-02,VendorID,0
2024-02,tpep_pickup_datetime,0
2024-02,tpep_dropoff_datetime,0
2024-02,passenger_count,185610
2024-02,trip_distance,0
2024-02,RatecodeID,185610
2024-02,store_and_fwd_flag,185610
2024-02,PULocationID,0
2024-02,DOLocationID,0
2024-02,payment_type,0
2024-02,fare_amount,0
2024-02,extra,0
2024-02,mta_tax,0
2024-02,tip_amount,0
2024-02,tolls_amount,0
2024-02,improvement_surcharge,0
2024-02,total_amount,0
2024-02,congestion_surcharge,185610
2024-02,Airport_fee,185610
2024-03,VendorID,0
2024-03,tpep_pickup_datetime,0
2024-03,tpep_dropoff_datetime,0
2024-03,passenger_count,426190
2024-03,trip_distance,0
2024-03,RatecodeID,426190
2024-03,store_and_fwd_flag,426190
2024-03,PULocationID,0
2024-03,DOLocationID,0
2024-03,payment_type,0
2024-03,fare_amount,0
2024-03,extra,0
2024-03,mta_tax,0
2024-03,tip_amount,0
2024-03,tolls_amount,0
2024-03,improvement_surcharge,0
2024-03,total_amount,0
2024-03,congestion_surcharge,426190
2024-03,Airport_fee,426190
2024-04,VendorID,0
2024-04,tpep_pickup_datetime,0
2024-04,tpep_dropoff_datetime,0
2024-04,passenger_count,408576
2024-04,trip_distance,0
2024-04,RatecodeID,408576
2024-04,store_and_fwd_flag,408576
2024-04,PULocationID,0
2024-04,DOLocationID,0
2024-04,payment_type,0
2024-04,fare_amount,0
2024-04,extra,0
2024-04,mta_tax,0
2024-04,tip_amount,0
2024-04,tolls_amount,0
2024-04,improvement_surcharge,0
2024-04,total_amount,0
2024-04,congestion_surcharge,408576
2024-04,Airport_fee,408576
2024-05,VendorID,0
2024-05,tpep_pickup_datetime,0
2024-05,tpep_dropoff_datetime,0
2024-05,passenger_count,404666
2024-05,trip_distance,0
2024-05,RatecodeID,404666
2024-05,store_and_fwd_flag,404666
2024-05,PULocationID,0
2024-05,DOLocationID,0
2024-05,payment_type,0
2024-05,fare_amount,0
2024-05,extra,0
2024-05,mta_tax,0
2024-05,tip_amount,0
2024-05,tolls_amount,0
2024-05,improvement_surcharge,0
2024-05,total_amount,0
2024-05,congestion_surcharge,404666
2024-05,Airport_fee,404666
2024-06,VendorID,0
2024-06,tpep_pickup_datetime,0
2024-06,tpep_dropoff_datetime,0
2024-06,passenger_count,410781
2024-06,trip_distance,0
2024-06,RatecodeID,410781
2024-06,store_and_fwd_flag,410781
2024-06,PULocationID,0
2024-06,DOLocationID,0
2024-06,payment_type,0
2024-06,fare_amount,0
2024-06,extra,0
2024-06,mta_tax,0
2024-06,tip_amount,0
2024-06,tolls_amount,0
2024-06,improvement_surcharge,0
2024-06,total_amount,0
2024-06,congestion_surcharge,410781
2024-06,Airport_fee,410781
2024-07,VendorID,0
2024-07,tpep_pickup_datetime,0
2024-07,tpep_dropoff_datetime,0
2024-07,passenger_count,278989
2024-07,trip_distance,0
2024-07,RatecodeID,278989
2024-07,store_and_fwd_flag,278989
2024-07,PULocationID,0
2024-07,DOLocationID,0
2024-07,payment_type,0
2024-07,fare_amount,0
2024-07,extra,0
2024-07,mta_tax,0
2024-07,tip_amount,0
2024-07,tolls_amount,0
2024-07,improvement_surcharge,0
2024-07,total_amount,0
2024-07,congestion_surcharge,278989
2024-07,Airport_fee,278989
2024-08,VendorID,0
2024-08,tpep_pickup_datetime,0
2024-08,tpep_dropoff_datetime,0
2024-08,passenger_count,258667
2024-08,trip_distance,0
2024-08,RatecodeID,258667
2024-08,store_and_fwd_flag,258667
2024-08,PULocationID,0
2024-08,DOLocationID,0
2024-08,payment_type,0
2024-08,fare_amount,0
2024-08,extra,0
2024-08,mta_tax,0
2024-08,tip_amount,0
2024-08,tolls_amount,0
2024-08,improvement_surcharge,0
2024-08,total_amount,0
2024-08,congestion_surcharge,258667
2024-08,Airport_fee,258667
2024-09,VendorID,0
2024-09,tpep_pickup_datetime,0
2024-09,tpep_dropoff_datetime,0
2024-09,passenger_count,483731
2024-09,trip_distance,0
2024-09,RatecodeID,483731
2024-09,store_and_fwd_flag,483731
2024-09,PULocationID,0
2024-09,DOLocationID,0
2024-09,payment_type,0
2024-09,fare_amount,0
2024-09,extra,0
2024-09,mta_tax,0
2024-09,tip_amount,0
2024-09,tolls_amount,0
2024-09,improvement_surcharge,0
2024-09,total_amount,0
2024-09,congestion_surcharge,483731
2024-09,Airport_fee,483731
2024-10,VendorID,0
2024-10,tpep_pickup_datetime,0
2024-10,tpep_dropoff_datetime,0
2024-10,passenger_count,393895
2024-10,trip_distance,0
2024-10,RatecodeID,393895
2024-10,store_and_fwd_flag,393895
2024-10,PULocationID,0
2024-10,DOLocationID,0
2024-10,payment_type,0
2024-10,fare_amount,0
2024-10,extra,0
2024-10,mta_tax,0
2024-10,tip_amount,0
2024-10,tolls_amount,0
2024-10,improvement_surcharge,0
2024-10,total_amount,0
2024-10,congestion_surcharge,393895
2024-10,Airport_fee,393895
2024-11,VendorID,0
2024-11,tpep_pickup_datetime,0
2024-11,tpep_dropoff_datetime,0
2024-11,passenger_count,373674
2024-11,trip_distance,0
2024-11,RatecodeID,373674
2024-11,store_and_fwd_flag,373674
2024-11,PULocationID,0
2024-11,DOLocationID,0
2024-11,payment_type,0
2024-11,fare_amount,0
2024-11,extra,0
2024-11,mta_tax,0
2024-11,tip_amount,0
2024-11,tolls_amount,0
2024-11,improvement_surcharge,0
2024-11,total_amount,0
2024-11,congestion_surcharge,373674
2024-11,Airport_fee,373674
2024-12,VendorID,0
2024-12,tpep_pickup_datetime,0
2024-12,tpep_dropoff_datetime,0
2024-12,passenger_count,326291
2024-12,trip_distance,0
2024-12,RatecodeID,326291
2024-12,store_and_fwd_flag,326291
2024-12,PULocationID,0
2024-12,DOLocationID,0
2024-12,payment_type,0
2024-12,fare_amount,0
2024-12,extra,0
2024-12,mta_tax,0
2024-12,tip_amount,0
2024-12,tolls_amount,0
2024-12,improvement_surcharge,0
2024-12,total_amount,0
2024-12,congestion_surcharge,326291
2024-12,Airport_fee,326291
2025-01,VendorID,0
2025-01,tpep_pickup_datetime,0
2025-01,tpep_dropoff_datetime,0
2025-01,passenger_count,540149
2025-01,trip_distance,0
2025-01,RatecodeID,540149
2025-01,store_and_fwd_flag,540149
2025-01,PULocationID,0
2025-01,DOLocationID,0
2025-01,payment_type,0
2025-01,fare_amount,0
2025-01,extra,0
2025-01,mta_tax,0
2025-01,tip_amount,0
2025-01,tolls_amount,0
2025-01,improvement_surcharge,0
2025-01,total_amount,0
2025-01,congestion_surcharge,540149
2025-01,Airport_fee,540149
2025-01,cbd_congestion_fee,0
2025-02,VendorID,0
2025-02,tpep_pickup_datetime,0
2025-02,tpep_dropoff_datetime,0
2025-02,passenger_count,806937
2025-02,trip_distance,0
2025-02,RatecodeID,806937
2025-02,store_and_fwd_flag,806937
2025-02,PULocationID,0
2025-02,DOLocationID,0
2025-02,payment_type,0
2025-02,fare_amount,0
2025-02,extra,0
2025-02,mta_tax,0
2025-02,tip_amount,0
2025-02,tolls_amount,0
2025-02,improvement_surcharge,0
2025-02,total_amount,0
2025-02,congestion_surcharge,806937
2025-02,Airport_fee,806937
2025-02,cbd_congestion_fee,0
2025-03,VendorID,0
2025-03,tpep_pickup_datetime,0
2025-03,tpep_dropoff_datetime,0
2025-03,passenger_count,916663
2025-03,trip_distance,0
2025-03,RatecodeID,916663
2025-03,store_and_fwd_flag,916663
2025-03,PULocationID,0
2025-03,DOLocationID,0
2025-03,payment_type,0
2025-03,fare_amount,0
2025-03,extra,0
2025-03,mta_tax,0
2025-03,tip_amount,0
2025-03,tolls_amount,0
2025-03,improvement_surcharge,0
2025-03,total_amount,0
2025-03,congestion_surcharge,916663
2025-03,Airport_fee,916663
2025-03,cbd_congestion_fee,0
2025-04,VendorID,0
2025-04,tpep_pickup_datetime,0
2025-04,tpep_dropoff_datetime,0
2025-04,passenger_count,745730
2025-04,trip_distance,0
2025-04,RatecodeID,745730
2025-04,store_and_fwd_flag,745730
2025-04,PULocationID,0
2025-04,DOLocationID,0
2025-04,payment_type,0
2025-04,fare_amount,0
2025-04,extra,0
2025-04,mta_tax,0
2025-04,tip_amount,0
2025-04,tolls_amount,0
2025-04,improvement_surcharge,0
2025-04,total_amount,0
2025-04,congestion_surcharge,745730
2025-04,Airport_fee,745730
2025-04,cbd_congestion_fee,0
2025-05,VendorID,0
2025-05,tpep_pickup_datetime,0
2025-05,tpep_dropoff_datetime,0
2025-05,passenger_count,1196176
2025-05,trip_distance,0
2025-05,RatecodeID,1196176
2025-05,store_and_fwd_flag,1196176
2025-05,PULocationID,0
2025-05,DOLocationID,0
2025-05,payment_type,0
2025-05,fare_amount,0
2025-05,extra,0
2025-05,mta_tax,0
2025-05,tip_amount,0
2025-05,tolls_amount,0
2025-05,improvement_surcharge,0
2025-05,total_amount,0
2025-05,congestion_surcharge,1196176
2025-05,Airport_fee,1196176
2025-05,cbd_congestion_fee,0
2025-06,VendorID,0
2025-06,tpep_pickup_datetime,0
2025-06,tpep_dropoff_datetime,0
2025-06,passenger_count,1212946
2025-06,trip_distance,0
2025-06,RatecodeID,1212946
2025-06,store_and_fwd_flag,1212946
2025-06,PULocationID,0
2025-06,DOLocationID,0
2025-06,payment_type,0
2025-06,fare_amount,0
2025-06,extra,0
2025-06,mta_tax,0
2025-06,tip_amount,0
2025-06,tolls_amount,0
2025-06,improvement_surcharge,0
2025-06,total_amount,0
2025-06,congestion_surcharge,1212946
2025-06,Airport_fee,1212946
2025-06,cbd_congestion_fee,0
2025-07,VendorID,0
2025-07,tpep_pickup_datetime,0
2025-07,tpep_dropoff_datetime,0
2025-07,passenger_count,1038755
2025-07,trip_distance,0
2025-07,RatecodeID,1038755
2025-07,store_and_fwd_flag,1038755
2025-07,PULocationID,0
2025-07,DOLocationID,0
2025-07,payment_type,0
2025-07,fare_amount,0
2025-07,extra,0
2025-07,mta_tax,0
2025-07,tip_amount,0
2025-07,tolls_amount,0
2025-07,improvement_surcharge,0
2025-07,total_amount,0
2025-07,congestion_surcharge,1038755
2025-07,Airport_fee,1038755
2025-07,cbd_congestion_fee,0
2025-08,VendorID,0
2025-08,tpep_pickup_datetime,0
2025-08,tpep_dropoff_datetime,0
2025-08,passenger_count,886234
2025-08,trip_distance,0
2025-08,RatecodeID,886234
2025-08,store_and_fwd_flag,886234
2025-08,PULocationID,0
2025-08,DOLocationID,0
2025-08,payment_type,0
2025-08,fare_amount,0
2025-08,extra,0
2025-08,mta_tax,0
2025-08,tip_amount,0
2025-08,tolls_amount,0
2025-08,improvement_surcharge,0
2025-08,total_amount,0
2025-08,congestion_surcharge,886234
2025-08,Airport_fee,886234
2025-08,cbd_congestion_fee,0
2025-09,VendorID,0
2025-09,tpep_pickup_datetime,0
2025-09,tpep_dropoff_datetime,0
2025-09,passenger_count,1067195
2025-09,trip_distance,0
2025-09,RatecodeID,1067195
2025-09,store_and_fwd_flag,1067195
2025-09,PULocationID,0
2025-09,DOLocationID,0
2025-09,payment_type,0
2025-09,fare_amount,0
2025-09,extra,0
2025-09,mta_tax,0
2025-09,tip_amount,0
2025-09,tolls_amount,0
2025-09,improvement_surcharge,0
2025-09,total_amount,0
2025-09,congestion_surcharge,1067195
2025-09,Airport_fee,1067195
2025-09,cbd_congestion_fee,0
2025-10,VendorID,0
2025-10,tpep_pickup_datetime,0
2025-10,tpep_dropoff_datetime,0
2025-10,passenger_count,990887
2025-10,trip_distance,0
2025-10,RatecodeID,990887
2025-10,store_and_fwd_flag,990887
2025-10,PULocationID,0
2025-10,DOLocationID,0
2025-10,payment_type,0
2025-10,fare_amount,0
2025-10,extra,0
2025-10,mta_tax,0
2025-10,tip_amount,0
2025-10,tolls_amount,0
2025-10,improvement_surcharge,0
2025-10,total_amount,0
2025-10,congestion_surcharge,990887
2025-10,Airport_fee,990887
2025-10,cbd_congestion_fee,0
2025-11,VendorID,0
2025-11,tpep_pickup_datetime,0
2025-11,tpep_dropoff_datetime,0
2025-11,passenger_count,1014740
2025-11,trip_distance,0
2025-11,RatecodeID,1014740
2025-11,store_and_fwd_flag,1014740
2025-11,PULocationID,0
2025-11,DOLocationID,0
2025-11,payment_type,0
2025-11,fare_amount,0
2025-11,extra,0
2025-11,mta_tax,0
2025-11,tip_amount,0
2025-11,tolls_amount,0
2025-11,improvement_surcharge,0
2025-11,total_amount,0
2025-11,congestion_surcharge,1014740
2025-11,Airport_fee,1014740
2025-11,cbd_congestion_fee,0
2025-12,VendorID,0
2025-12,tpep_pickup_datetime,0
2025-12,tpep_dropoff_datetime,0
2025-12,passenger_count,1195482
2025-12,trip_distance,0
2025-12,RatecodeID,1195482
2025-12,store_and_fwd_flag,1195482
2025-12,PULocationID,0
2025-12,DOLocationID,0
2025-12,payment_type,0
2025-12,fare_amount,0
2025-12,extra,0
2025-12,mta_tax,0
2025-12,tip_amount,0
2025-12,tolls_amount,0
2025-12,improvement_surcharge,0
2025-12,total_amount,0
2025-12,congestion_surcharge,1195482
2025-12,Airport_fee,1195482
2025-12,cbd_congestion_fee,0
